"","SEQN","set"
"1",31131,"train"
"2",31134,"train"
"3",31143,"train"
"4",31144,"train"
"5",31149,"train"
"6",31151,"train"
"7",31153,"train"
"8",31155,"train"
"9",31156,"train"
"10",31160,"train"
"11",31162,"train"
"12",31164,"train"
"13",31177,"train"
"14",31179,"train"
"15",31183,"train"
"16",31186,"train"
"17",31187,"train"
"18",31191,"train"
"19",31195,"train"
"20",31199,"train"
"21",31207,"train"
"22",31213,"train"
"23",31214,"train"
"24",31223,"train"
"25",31228,"train"
"26",31232,"train"
"27",31239,"train"
"28",31241,"train"
"29",31242,"train"
"30",31244,"train"
"31",31252,"train"
"32",31255,"train"
"33",31262,"train"
"34",31266,"train"
"35",31268,"train"
"36",31278,"train"
"37",31279,"train"
"38",31284,"train"
"39",31285,"train"
"40",31286,"train"
"41",31288,"train"
"42",31290,"train"
"43",31303,"train"
"44",31311,"train"
"45",31314,"train"
"46",31324,"train"
"47",31325,"train"
"48",31330,"train"
"49",31332,"train"
"50",31333,"train"
"51",31334,"train"
"52",31343,"train"
"53",31344,"train"
"54",31345,"train"
"55",31358,"train"
"56",31367,"train"
"57",31370,"train"
"58",31372,"train"
"59",31378,"train"
"60",31379,"train"
"61",31380,"train"
"62",31383,"train"
"63",31386,"train"
"64",31388,"train"
"65",31396,"train"
"66",31399,"train"
"67",31400,"train"
"68",31407,"train"
"69",31413,"train"
"70",31416,"train"
"71",31420,"train"
"72",31425,"train"
"73",31434,"train"
"74",31435,"train"
"75",31439,"train"
"76",31442,"train"
"77",31443,"train"
"78",31446,"train"
"79",31447,"train"
"80",31454,"train"
"81",31460,"train"
"82",31463,"train"
"83",31464,"train"
"84",31466,"train"
"85",31469,"train"
"86",31471,"train"
"87",31486,"train"
"88",31487,"train"
"89",31488,"train"
"90",31491,"train"
"91",31496,"train"
"92",31497,"train"
"93",31498,"train"
"94",31503,"train"
"95",31504,"train"
"96",31510,"train"
"97",31518,"train"
"98",31519,"train"
"99",31520,"train"
"100",31522,"train"
"101",31524,"train"
"102",31527,"train"
"103",31530,"train"
"104",31532,"train"
"105",31540,"train"
"106",31545,"train"
"107",31546,"train"
"108",31556,"train"
"109",31558,"train"
"110",31559,"train"
"111",31563,"train"
"112",31569,"train"
"113",31570,"train"
"114",31571,"train"
"115",31577,"train"
"116",31579,"train"
"117",31582,"train"
"118",31588,"train"
"119",31590,"train"
"120",31591,"train"
"121",31597,"train"
"122",31599,"train"
"123",31601,"train"
"124",31603,"train"
"125",31606,"train"
"126",31608,"train"
"127",31609,"train"
"128",31610,"train"
"129",31619,"train"
"130",31620,"train"
"131",31622,"train"
"132",31625,"train"
"133",31629,"train"
"134",31630,"train"
"135",31634,"train"
"136",31636,"train"
"137",31640,"train"
"138",31652,"train"
"139",31658,"train"
"140",31661,"train"
"141",31669,"train"
"142",31679,"train"
"143",31691,"train"
"144",31699,"train"
"145",31703,"train"
"146",31706,"train"
"147",31707,"train"
"148",31708,"train"
"149",31709,"train"
"150",31714,"train"
"151",31717,"train"
"152",31720,"train"
"153",31721,"train"
"154",31724,"train"
"155",31725,"train"
"156",31732,"train"
"157",31736,"train"
"158",31739,"train"
"159",31741,"train"
"160",31742,"train"
"161",31744,"train"
"162",31747,"train"
"163",31751,"train"
"164",31757,"train"
"165",31764,"train"
"166",31765,"train"
"167",31781,"train"
"168",31789,"train"
"169",31790,"train"
"170",31795,"train"
"171",31796,"train"
"172",31799,"train"
"173",31800,"train"
"174",31806,"train"
"175",31808,"train"
"176",31820,"train"
"177",31821,"train"
"178",31830,"train"
"179",31831,"train"
"180",31837,"train"
"181",31843,"train"
"182",31847,"train"
"183",31850,"train"
"184",31857,"train"
"185",31858,"train"
"186",31859,"train"
"187",31871,"train"
"188",31874,"train"
"189",31877,"train"
"190",31878,"train"
"191",31893,"train"
"192",31914,"train"
"193",31922,"train"
"194",31923,"train"
"195",31939,"train"
"196",31944,"train"
"197",31945,"train"
"198",31946,"train"
"199",31948,"train"
"200",31953,"train"
"201",31958,"train"
"202",31959,"train"
"203",31960,"train"
"204",31962,"train"
"205",31966,"train"
"206",31967,"train"
"207",31973,"train"
"208",31975,"train"
"209",31976,"train"
"210",31978,"train"
"211",31979,"train"
"212",31985,"train"
"213",31989,"train"
"214",31990,"train"
"215",31991,"train"
"216",31994,"train"
"217",31998,"train"
"218",32003,"train"
"219",32006,"train"
"220",32007,"train"
"221",32012,"train"
"222",32013,"train"
"223",32017,"train"
"224",32022,"train"
"225",32027,"train"
"226",32030,"train"
"227",32037,"train"
"228",32038,"train"
"229",32039,"train"
"230",32040,"train"
"231",32046,"train"
"232",32055,"train"
"233",32061,"train"
"234",32062,"train"
"235",32066,"train"
"236",32067,"train"
"237",32068,"train"
"238",32071,"train"
"239",32073,"train"
"240",32075,"train"
"241",32079,"train"
"242",32082,"train"
"243",32084,"train"
"244",32091,"train"
"245",32093,"train"
"246",32094,"train"
"247",32104,"train"
"248",32109,"train"
"249",32110,"train"
"250",32111,"train"
"251",32113,"train"
"252",32115,"train"
"253",32118,"train"
"254",32129,"train"
"255",32132,"train"
"256",32134,"train"
"257",32136,"train"
"258",32138,"train"
"259",32140,"train"
"260",32141,"train"
"261",32149,"train"
"262",32153,"train"
"263",32162,"train"
"264",32163,"train"
"265",32164,"train"
"266",32165,"train"
"267",32168,"train"
"268",32181,"train"
"269",32183,"train"
"270",32200,"train"
"271",32201,"train"
"272",32205,"train"
"273",32208,"train"
"274",32211,"train"
"275",32212,"train"
"276",32214,"train"
"277",32221,"train"
"278",32225,"train"
"279",32226,"train"
"280",32230,"train"
"281",32239,"train"
"282",32240,"train"
"283",32245,"train"
"284",32249,"train"
"285",32254,"train"
"286",32255,"train"
"287",32266,"train"
"288",32267,"train"
"289",32268,"train"
"290",32270,"train"
"291",32271,"train"
"292",32279,"train"
"293",32283,"train"
"294",32286,"train"
"295",32287,"train"
"296",32290,"train"
"297",32294,"train"
"298",32303,"train"
"299",32304,"train"
"300",32309,"train"
"301",32316,"train"
"302",32321,"train"
"303",32324,"train"
"304",32325,"train"
"305",32328,"train"
"306",32333,"train"
"307",32342,"train"
"308",32343,"train"
"309",32345,"train"
"310",32349,"train"
"311",32350,"train"
"312",32355,"train"
"313",32357,"train"
"314",32358,"train"
"315",32359,"train"
"316",32360,"train"
"317",32361,"train"
"318",32370,"train"
"319",32377,"train"
"320",32381,"train"
"321",32385,"train"
"322",32388,"train"
"323",32389,"train"
"324",32391,"train"
"325",32403,"train"
"326",32406,"train"
"327",32408,"train"
"328",32409,"train"
"329",32414,"train"
"330",32428,"train"
"331",32439,"train"
"332",32440,"train"
"333",32441,"train"
"334",32442,"train"
"335",32443,"train"
"336",32453,"train"
"337",32456,"train"
"338",32459,"train"
"339",32467,"train"
"340",32477,"train"
"341",32481,"train"
"342",32488,"train"
"343",32489,"train"
"344",32490,"train"
"345",32494,"train"
"346",32498,"train"
"347",32500,"train"
"348",32501,"train"
"349",32502,"train"
"350",32506,"train"
"351",32517,"train"
"352",32520,"train"
"353",32521,"train"
"354",32526,"train"
"355",32528,"train"
"356",32540,"train"
"357",32550,"train"
"358",32551,"train"
"359",32552,"train"
"360",32560,"train"
"361",32565,"train"
"362",32566,"train"
"363",32572,"train"
"364",32575,"train"
"365",32577,"train"
"366",32586,"train"
"367",32588,"train"
"368",32600,"train"
"369",32609,"train"
"370",32616,"train"
"371",32624,"train"
"372",32626,"train"
"373",32629,"train"
"374",32632,"train"
"375",32641,"train"
"376",32644,"train"
"377",32649,"train"
"378",32650,"train"
"379",32654,"train"
"380",32663,"train"
"381",32666,"train"
"382",32671,"train"
"383",32674,"train"
"384",32687,"train"
"385",32690,"train"
"386",32691,"train"
"387",32693,"train"
"388",32697,"train"
"389",32709,"train"
"390",32710,"train"
"391",32711,"train"
"392",32714,"train"
"393",32716,"train"
"394",32722,"train"
"395",32727,"train"
"396",32731,"train"
"397",32732,"train"
"398",32733,"train"
"399",32742,"train"
"400",32743,"train"
"401",32745,"train"
"402",32749,"train"
"403",32759,"train"
"404",32760,"train"
"405",32768,"train"
"406",32775,"train"
"407",32779,"train"
"408",32781,"train"
"409",32799,"train"
"410",32802,"train"
"411",32803,"train"
"412",32815,"train"
"413",32832,"train"
"414",32835,"train"
"415",32836,"train"
"416",32841,"train"
"417",32845,"train"
"418",32849,"train"
"419",32857,"train"
"420",32859,"train"
"421",32868,"train"
"422",32870,"train"
"423",32875,"train"
"424",32880,"train"
"425",32888,"train"
"426",32890,"train"
"427",32891,"train"
"428",32897,"train"
"429",32899,"train"
"430",32900,"train"
"431",32901,"train"
"432",32908,"train"
"433",32910,"train"
"434",32913,"train"
"435",32916,"train"
"436",32918,"train"
"437",32919,"train"
"438",32921,"train"
"439",32922,"train"
"440",32923,"train"
"441",32925,"train"
"442",32926,"train"
"443",32929,"train"
"444",32930,"train"
"445",32931,"train"
"446",32932,"train"
"447",32938,"train"
"448",32956,"train"
"449",32960,"train"
"450",32962,"train"
"451",32963,"train"
"452",32964,"train"
"453",32972,"train"
"454",32979,"train"
"455",32984,"train"
"456",32989,"train"
"457",33002,"train"
"458",33006,"train"
"459",33011,"train"
"460",33014,"train"
"461",33020,"train"
"462",33022,"train"
"463",33023,"train"
"464",33026,"train"
"465",33029,"train"
"466",33031,"train"
"467",33034,"train"
"468",33039,"train"
"469",33046,"train"
"470",33050,"train"
"471",33051,"train"
"472",33055,"train"
"473",33057,"train"
"474",33067,"train"
"475",33076,"train"
"476",33077,"train"
"477",33082,"train"
"478",33085,"train"
"479",33086,"train"
"480",33095,"train"
"481",33096,"train"
"482",33104,"train"
"483",33106,"train"
"484",33107,"train"
"485",33108,"train"
"486",33114,"train"
"487",33121,"train"
"488",33131,"train"
"489",33134,"train"
"490",33139,"train"
"491",33144,"train"
"492",33154,"train"
"493",33158,"train"
"494",33161,"train"
"495",33165,"train"
"496",33168,"train"
"497",33169,"train"
"498",33170,"train"
"499",33177,"train"
"500",33184,"train"
"501",33186,"train"
"502",33190,"train"
"503",33191,"train"
"504",33201,"train"
"505",33206,"train"
"506",33207,"train"
"507",33213,"train"
"508",33214,"train"
"509",33221,"train"
"510",33227,"train"
"511",33228,"train"
"512",33229,"train"
"513",33230,"train"
"514",33231,"train"
"515",33235,"train"
"516",33239,"train"
"517",33241,"train"
"518",33244,"train"
"519",33245,"train"
"520",33247,"train"
"521",33256,"train"
"522",33261,"train"
"523",33262,"train"
"524",33265,"train"
"525",33271,"train"
"526",33274,"train"
"527",33282,"train"
"528",33284,"train"
"529",33285,"train"
"530",33289,"train"
"531",33290,"train"
"532",33302,"train"
"533",33305,"train"
"534",33307,"train"
"535",33312,"train"
"536",33317,"train"
"537",33321,"train"
"538",33324,"train"
"539",33328,"train"
"540",33329,"train"
"541",33330,"train"
"542",33345,"train"
"543",33346,"train"
"544",33348,"train"
"545",33357,"train"
"546",33362,"train"
"547",33364,"train"
"548",33365,"train"
"549",33375,"train"
"550",33376,"train"
"551",33383,"train"
"552",33385,"train"
"553",33397,"train"
"554",33400,"train"
"555",33406,"train"
"556",33410,"train"
"557",33412,"train"
"558",33413,"train"
"559",33425,"train"
"560",33428,"train"
"561",33430,"train"
"562",33436,"train"
"563",33441,"train"
"564",33445,"train"
"565",33446,"train"
"566",33447,"train"
"567",33451,"train"
"568",33452,"train"
"569",33454,"train"
"570",33464,"train"
"571",33467,"train"
"572",33469,"train"
"573",33471,"train"
"574",33476,"train"
"575",33477,"train"
"576",33478,"train"
"577",33483,"train"
"578",33492,"train"
"579",33496,"train"
"580",33501,"train"
"581",33517,"train"
"582",33518,"train"
"583",33519,"train"
"584",33520,"train"
"585",33527,"train"
"586",33530,"train"
"587",33531,"train"
"588",33532,"train"
"589",33534,"train"
"590",33536,"train"
"591",33545,"train"
"592",33552,"train"
"593",33554,"train"
"594",33565,"train"
"595",33566,"train"
"596",33570,"train"
"597",33576,"train"
"598",33587,"train"
"599",33589,"train"
"600",33592,"train"
"601",33597,"train"
"602",33604,"train"
"603",33605,"train"
"604",33606,"train"
"605",33616,"train"
"606",33620,"train"
"607",33624,"train"
"608",33625,"train"
"609",33629,"train"
"610",33646,"train"
"611",33647,"train"
"612",33657,"train"
"613",33658,"train"
"614",33659,"train"
"615",33662,"train"
"616",33666,"train"
"617",33669,"train"
"618",33675,"train"
"619",33684,"train"
"620",33687,"train"
"621",33688,"train"
"622",33700,"train"
"623",33712,"train"
"624",33715,"train"
"625",33721,"train"
"626",33725,"train"
"627",33726,"train"
"628",33728,"train"
"629",33730,"train"
"630",33734,"train"
"631",33736,"train"
"632",33750,"train"
"633",33753,"train"
"634",33756,"train"
"635",33761,"train"
"636",33765,"train"
"637",33771,"train"
"638",33777,"train"
"639",33778,"train"
"640",33780,"train"
"641",33784,"train"
"642",33793,"train"
"643",33796,"train"
"644",33797,"train"
"645",33802,"train"
"646",33812,"train"
"647",33819,"train"
"648",33821,"train"
"649",33825,"train"
"650",33827,"train"
"651",33828,"train"
"652",33838,"train"
"653",33840,"train"
"654",33842,"train"
"655",33845,"train"
"656",33847,"train"
"657",33848,"train"
"658",33853,"train"
"659",33860,"train"
"660",33864,"train"
"661",33866,"train"
"662",33871,"train"
"663",33876,"train"
"664",33880,"train"
"665",33885,"train"
"666",33892,"train"
"667",33894,"train"
"668",33895,"train"
"669",33899,"train"
"670",33904,"train"
"671",33910,"train"
"672",33913,"train"
"673",33916,"train"
"674",33917,"train"
"675",33922,"train"
"676",33924,"train"
"677",33928,"train"
"678",33929,"train"
"679",33930,"train"
"680",33931,"train"
"681",33932,"train"
"682",33934,"train"
"683",33935,"train"
"684",33938,"train"
"685",33941,"train"
"686",33947,"train"
"687",33952,"train"
"688",33959,"train"
"689",33960,"train"
"690",33961,"train"
"691",33966,"train"
"692",33971,"train"
"693",33972,"train"
"694",33978,"train"
"695",33981,"train"
"696",33982,"train"
"697",33988,"train"
"698",33990,"train"
"699",33992,"train"
"700",34000,"train"
"701",34006,"train"
"702",34012,"train"
"703",34020,"train"
"704",34021,"train"
"705",34022,"train"
"706",34023,"train"
"707",34026,"train"
"708",34029,"train"
"709",34031,"train"
"710",34040,"train"
"711",34042,"train"
"712",34043,"train"
"713",34058,"train"
"714",34064,"train"
"715",34069,"train"
"716",34070,"train"
"717",34073,"train"
"718",34074,"train"
"719",34078,"train"
"720",34080,"train"
"721",34083,"train"
"722",34084,"train"
"723",34087,"train"
"724",34088,"train"
"725",34090,"train"
"726",34091,"train"
"727",34093,"train"
"728",34096,"train"
"729",34101,"train"
"730",34108,"train"
"731",34109,"train"
"732",34111,"train"
"733",34118,"train"
"734",34121,"train"
"735",34122,"train"
"736",34123,"train"
"737",34127,"train"
"738",34128,"train"
"739",34129,"train"
"740",34131,"train"
"741",34132,"train"
"742",34135,"train"
"743",34136,"train"
"744",34138,"train"
"745",34141,"train"
"746",34144,"train"
"747",34145,"train"
"748",34148,"train"
"749",34150,"train"
"750",34152,"train"
"751",34173,"train"
"752",34176,"train"
"753",34183,"train"
"754",34186,"train"
"755",34206,"train"
"756",34207,"train"
"757",34209,"train"
"758",34212,"train"
"759",34213,"train"
"760",34219,"train"
"761",34220,"train"
"762",34223,"train"
"763",34226,"train"
"764",34228,"train"
"765",34231,"train"
"766",34233,"train"
"767",34240,"train"
"768",34245,"train"
"769",34249,"train"
"770",34254,"train"
"771",34273,"train"
"772",34284,"train"
"773",34291,"train"
"774",34293,"train"
"775",34295,"train"
"776",34300,"train"
"777",34302,"train"
"778",34306,"train"
"779",34312,"train"
"780",34314,"train"
"781",34327,"train"
"782",34329,"train"
"783",34333,"train"
"784",34336,"train"
"785",34340,"train"
"786",34344,"train"
"787",34353,"train"
"788",34360,"train"
"789",34361,"train"
"790",34365,"train"
"791",34373,"train"
"792",34374,"train"
"793",34375,"train"
"794",34377,"train"
"795",34380,"train"
"796",34387,"train"
"797",34391,"train"
"798",34395,"train"
"799",34396,"train"
"800",34401,"train"
"801",34402,"train"
"802",34405,"train"
"803",34408,"train"
"804",34410,"train"
"805",34411,"train"
"806",34415,"train"
"807",34416,"train"
"808",34417,"train"
"809",34418,"train"
"810",34427,"train"
"811",34435,"train"
"812",34437,"train"
"813",34438,"train"
"814",34450,"train"
"815",34454,"train"
"816",34456,"train"
"817",34462,"train"
"818",34465,"train"
"819",34470,"train"
"820",34472,"train"
"821",34477,"train"
"822",34479,"train"
"823",34481,"train"
"824",34483,"train"
"825",34490,"train"
"826",34499,"train"
"827",34500,"train"
"828",34502,"train"
"829",34507,"train"
"830",34509,"train"
"831",34514,"train"
"832",34520,"train"
"833",34523,"train"
"834",34530,"train"
"835",34534,"train"
"836",34543,"train"
"837",34551,"train"
"838",34557,"train"
"839",34562,"train"
"840",34563,"train"
"841",34566,"train"
"842",34569,"train"
"843",34570,"train"
"844",34571,"train"
"845",34572,"train"
"846",34573,"train"
"847",34578,"train"
"848",34581,"train"
"849",34594,"train"
"850",34596,"train"
"851",34597,"train"
"852",34606,"train"
"853",34607,"train"
"854",34608,"train"
"855",34612,"train"
"856",34613,"train"
"857",34614,"train"
"858",34615,"train"
"859",34618,"train"
"860",34621,"train"
"861",34623,"train"
"862",34631,"train"
"863",34640,"train"
"864",34642,"train"
"865",34644,"train"
"866",34647,"train"
"867",34650,"train"
"868",34653,"train"
"869",34663,"train"
"870",34671,"train"
"871",34675,"train"
"872",34696,"train"
"873",34703,"train"
"874",34705,"train"
"875",34707,"train"
"876",34711,"train"
"877",34713,"train"
"878",34715,"train"
"879",34716,"train"
"880",34724,"train"
"881",34726,"train"
"882",34728,"train"
"883",34729,"train"
"884",34731,"train"
"885",34734,"train"
"886",34745,"train"
"887",34750,"train"
"888",34754,"train"
"889",34756,"train"
"890",34771,"train"
"891",34774,"train"
"892",34775,"train"
"893",34776,"train"
"894",34790,"train"
"895",34793,"train"
"896",34797,"train"
"897",34805,"train"
"898",34808,"train"
"899",34812,"train"
"900",34820,"train"
"901",34844,"train"
"902",34850,"train"
"903",34851,"train"
"904",34855,"train"
"905",34856,"train"
"906",34864,"train"
"907",34865,"train"
"908",34866,"train"
"909",34869,"train"
"910",34874,"train"
"911",34875,"train"
"912",34881,"train"
"913",34885,"train"
"914",34893,"train"
"915",34901,"train"
"916",34904,"train"
"917",34905,"train"
"918",34906,"train"
"919",34910,"train"
"920",34913,"train"
"921",34914,"train"
"922",34915,"train"
"923",34922,"train"
"924",34925,"train"
"925",34929,"train"
"926",34935,"train"
"927",34939,"train"
"928",34941,"train"
"929",34952,"train"
"930",34954,"train"
"931",34956,"train"
"932",34960,"train"
"933",34965,"train"
"934",34967,"train"
"935",34975,"train"
"936",34985,"train"
"937",34987,"train"
"938",34989,"train"
"939",34994,"train"
"940",34996,"train"
"941",34997,"train"
"942",34999,"train"
"943",35002,"train"
"944",35004,"train"
"945",35005,"train"
"946",35006,"train"
"947",35010,"train"
"948",35013,"train"
"949",35015,"train"
"950",35021,"train"
"951",35022,"train"
"952",35027,"train"
"953",35029,"train"
"954",35034,"train"
"955",35051,"train"
"956",35053,"train"
"957",35055,"train"
"958",35056,"train"
"959",35058,"train"
"960",35062,"train"
"961",35067,"train"
"962",35070,"train"
"963",35076,"train"
"964",35078,"train"
"965",35079,"train"
"966",35080,"train"
"967",35081,"train"
"968",35082,"train"
"969",35087,"train"
"970",35091,"train"
"971",35092,"train"
"972",35094,"train"
"973",35097,"train"
"974",35099,"train"
"975",35100,"train"
"976",35108,"train"
"977",35110,"train"
"978",35117,"train"
"979",35119,"train"
"980",35125,"train"
"981",35126,"train"
"982",35128,"train"
"983",35133,"train"
"984",35135,"train"
"985",35138,"train"
"986",35142,"train"
"987",35143,"train"
"988",35144,"train"
"989",35146,"train"
"990",35149,"train"
"991",35151,"train"
"992",35154,"train"
"993",35166,"train"
"994",35171,"train"
"995",35172,"train"
"996",35175,"train"
"997",35178,"train"
"998",35180,"train"
"999",35181,"train"
"1000",35188,"train"
"1001",35191,"train"
"1002",35198,"train"
"1003",35203,"train"
"1004",35205,"train"
"1005",35208,"train"
"1006",35213,"train"
"1007",35214,"train"
"1008",35222,"train"
"1009",35224,"train"
"1010",35228,"train"
"1011",35238,"train"
"1012",35245,"train"
"1013",35247,"train"
"1014",35255,"train"
"1015",35260,"train"
"1016",35263,"train"
"1017",35265,"train"
"1018",35266,"train"
"1019",35268,"train"
"1020",35273,"train"
"1021",35278,"train"
"1022",35298,"train"
"1023",35301,"train"
"1024",35303,"train"
"1025",35305,"train"
"1026",35306,"train"
"1027",35311,"train"
"1028",35313,"train"
"1029",35315,"train"
"1030",35321,"train"
"1031",35322,"train"
"1032",35326,"train"
"1033",35327,"train"
"1034",35329,"train"
"1035",35330,"train"
"1036",35337,"train"
"1037",35339,"train"
"1038",35341,"train"
"1039",35342,"train"
"1040",35343,"train"
"1041",35344,"train"
"1042",35349,"train"
"1043",35350,"train"
"1044",35351,"train"
"1045",35352,"train"
"1046",35362,"train"
"1047",35368,"train"
"1048",35372,"train"
"1049",35374,"train"
"1050",35375,"train"
"1051",35376,"train"
"1052",35384,"train"
"1053",35385,"train"
"1054",35389,"train"
"1055",35392,"train"
"1056",35395,"train"
"1057",35396,"train"
"1058",35397,"train"
"1059",35399,"train"
"1060",35402,"train"
"1061",35407,"train"
"1062",35408,"train"
"1063",35410,"train"
"1064",35412,"train"
"1065",35413,"train"
"1066",35416,"train"
"1067",35423,"train"
"1068",35424,"train"
"1069",35428,"train"
"1070",35430,"train"
"1071",35431,"train"
"1072",35432,"train"
"1073",35436,"train"
"1074",35438,"train"
"1075",35439,"train"
"1076",35441,"train"
"1077",35442,"train"
"1078",35453,"train"
"1079",35454,"train"
"1080",35455,"train"
"1081",35456,"train"
"1082",35465,"train"
"1083",35473,"train"
"1084",35475,"train"
"1085",35482,"train"
"1086",35486,"train"
"1087",35487,"train"
"1088",35488,"train"
"1089",35491,"train"
"1090",35495,"train"
"1091",35496,"train"
"1092",35497,"train"
"1093",35500,"train"
"1094",35510,"train"
"1095",35517,"train"
"1096",35521,"train"
"1097",35522,"train"
"1098",35523,"train"
"1099",35525,"train"
"1100",35528,"train"
"1101",35529,"train"
"1102",35530,"train"
"1103",35531,"train"
"1104",35535,"train"
"1105",35537,"train"
"1106",35543,"train"
"1107",35548,"train"
"1108",35550,"train"
"1109",35551,"train"
"1110",35558,"train"
"1111",35559,"train"
"1112",35560,"train"
"1113",35567,"train"
"1114",35569,"train"
"1115",35571,"train"
"1116",35575,"train"
"1117",35577,"train"
"1118",35578,"train"
"1119",35580,"train"
"1120",35588,"train"
"1121",35592,"train"
"1122",35604,"train"
"1123",35612,"train"
"1124",35616,"train"
"1125",35617,"train"
"1126",35619,"train"
"1127",35626,"train"
"1128",35628,"train"
"1129",35633,"train"
"1130",35641,"train"
"1131",35650,"train"
"1132",35654,"train"
"1133",35657,"train"
"1134",35665,"train"
"1135",35669,"train"
"1136",35672,"train"
"1137",35673,"train"
"1138",35684,"train"
"1139",35685,"train"
"1140",35687,"train"
"1141",35689,"train"
"1142",35690,"train"
"1143",35692,"train"
"1144",35700,"train"
"1145",35704,"train"
"1146",35709,"train"
"1147",35710,"train"
"1148",35713,"train"
"1149",35715,"train"
"1150",35718,"train"
"1151",35719,"train"
"1152",35729,"train"
"1153",35737,"train"
"1154",35741,"train"
"1155",35743,"train"
"1156",35747,"train"
"1157",35750,"train"
"1158",35760,"train"
"1159",35762,"train"
"1160",35763,"train"
"1161",35764,"train"
"1162",35766,"train"
"1163",35781,"train"
"1164",35784,"train"
"1165",35785,"train"
"1166",35788,"train"
"1167",35789,"train"
"1168",35790,"train"
"1169",35793,"train"
"1170",35796,"train"
"1171",35802,"train"
"1172",35804,"train"
"1173",35809,"train"
"1174",35810,"train"
"1175",35818,"train"
"1176",35821,"train"
"1177",35822,"train"
"1178",35826,"train"
"1179",35832,"train"
"1180",35833,"train"
"1181",35838,"train"
"1182",35852,"train"
"1183",35856,"train"
"1184",35863,"train"
"1185",35865,"train"
"1186",35867,"train"
"1187",35874,"train"
"1188",35877,"train"
"1189",35878,"train"
"1190",35880,"train"
"1191",35881,"train"
"1192",35882,"train"
"1193",35886,"train"
"1194",35887,"train"
"1195",35888,"train"
"1196",35890,"train"
"1197",35895,"train"
"1198",35902,"train"
"1199",35907,"train"
"1200",35915,"train"
"1201",35927,"train"
"1202",35935,"train"
"1203",35941,"train"
"1204",35942,"train"
"1205",35943,"train"
"1206",35947,"train"
"1207",35956,"train"
"1208",35957,"train"
"1209",35958,"train"
"1210",35959,"train"
"1211",35960,"train"
"1212",35972,"train"
"1213",35982,"train"
"1214",35983,"train"
"1215",35991,"train"
"1216",35999,"train"
"1217",36004,"train"
"1218",36008,"train"
"1219",36011,"train"
"1220",36014,"train"
"1221",36017,"train"
"1222",36018,"train"
"1223",36038,"train"
"1224",36040,"train"
"1225",36045,"train"
"1226",36047,"train"
"1227",36052,"train"
"1228",36056,"train"
"1229",36057,"train"
"1230",36061,"train"
"1231",36062,"train"
"1232",36066,"train"
"1233",36069,"train"
"1234",36070,"train"
"1235",36073,"train"
"1236",36074,"train"
"1237",36075,"train"
"1238",36077,"train"
"1239",36090,"train"
"1240",36093,"train"
"1241",36101,"train"
"1242",36102,"train"
"1243",36105,"train"
"1244",36112,"train"
"1245",36117,"train"
"1246",36119,"train"
"1247",36123,"train"
"1248",36125,"train"
"1249",36129,"train"
"1250",36132,"train"
"1251",36133,"train"
"1252",36134,"train"
"1253",36138,"train"
"1254",36147,"train"
"1255",36149,"train"
"1256",36150,"train"
"1257",36155,"train"
"1258",36164,"train"
"1259",36169,"train"
"1260",36171,"train"
"1261",36174,"train"
"1262",36178,"train"
"1263",36179,"train"
"1264",36184,"train"
"1265",36188,"train"
"1266",36194,"train"
"1267",36197,"train"
"1268",36200,"train"
"1269",36202,"train"
"1270",36207,"train"
"1271",36211,"train"
"1272",36220,"train"
"1273",36227,"train"
"1274",36229,"train"
"1275",36248,"train"
"1276",36257,"train"
"1277",36263,"train"
"1278",36266,"train"
"1279",36267,"train"
"1280",36279,"train"
"1281",36280,"train"
"1282",36281,"train"
"1283",36286,"train"
"1284",36291,"train"
"1285",36292,"train"
"1286",36301,"train"
"1287",36307,"train"
"1288",36309,"train"
"1289",36311,"train"
"1290",36319,"train"
"1291",36321,"train"
"1292",36328,"train"
"1293",36333,"train"
"1294",36340,"train"
"1295",36342,"train"
"1296",36344,"train"
"1297",36351,"train"
"1298",36352,"train"
"1299",36354,"train"
"1300",36356,"train"
"1301",36358,"train"
"1302",36365,"train"
"1303",36370,"train"
"1304",36373,"train"
"1305",36374,"train"
"1306",36389,"train"
"1307",36394,"train"
"1308",36401,"train"
"1309",36407,"train"
"1310",36414,"train"
"1311",36415,"train"
"1312",36418,"train"
"1313",36419,"train"
"1314",36427,"train"
"1315",36428,"train"
"1316",36432,"train"
"1317",36437,"train"
"1318",36438,"train"
"1319",36454,"train"
"1320",36458,"train"
"1321",36462,"train"
"1322",36464,"train"
"1323",36466,"train"
"1324",36468,"train"
"1325",36472,"train"
"1326",36483,"train"
"1327",36484,"train"
"1328",36487,"train"
"1329",36493,"train"
"1330",36494,"train"
"1331",36499,"train"
"1332",36502,"train"
"1333",36503,"train"
"1334",36506,"train"
"1335",36509,"train"
"1336",36519,"train"
"1337",36524,"train"
"1338",36525,"train"
"1339",36527,"train"
"1340",36532,"train"
"1341",36534,"train"
"1342",36539,"train"
"1343",36554,"train"
"1344",36559,"train"
"1345",36569,"train"
"1346",36570,"train"
"1347",36582,"train"
"1348",36586,"train"
"1349",36587,"train"
"1350",36598,"train"
"1351",36604,"train"
"1352",36617,"train"
"1353",36620,"train"
"1354",36625,"train"
"1355",36628,"train"
"1356",36634,"train"
"1357",36639,"train"
"1358",36644,"train"
"1359",36645,"train"
"1360",36646,"train"
"1361",36649,"train"
"1362",36650,"train"
"1363",36652,"train"
"1364",36653,"train"
"1365",36655,"train"
"1366",36670,"train"
"1367",36674,"train"
"1368",36676,"train"
"1369",36685,"train"
"1370",36686,"train"
"1371",36691,"train"
"1372",36700,"train"
"1373",36702,"train"
"1374",36703,"train"
"1375",36705,"train"
"1376",36707,"train"
"1377",36714,"train"
"1378",36716,"train"
"1379",36718,"train"
"1380",36720,"train"
"1381",36723,"train"
"1382",36729,"train"
"1383",36731,"train"
"1384",36732,"train"
"1385",36743,"train"
"1386",36747,"train"
"1387",36749,"train"
"1388",36752,"train"
"1389",36753,"train"
"1390",36760,"train"
"1391",36761,"train"
"1392",36763,"train"
"1393",36771,"train"
"1394",36772,"train"
"1395",36779,"train"
"1396",36783,"train"
"1397",36786,"train"
"1398",36788,"train"
"1399",36791,"train"
"1400",36792,"train"
"1401",36797,"train"
"1402",36806,"train"
"1403",36808,"train"
"1404",36810,"train"
"1405",36814,"train"
"1406",36815,"train"
"1407",36818,"train"
"1408",36819,"train"
"1409",36823,"train"
"1410",36827,"train"
"1411",36830,"train"
"1412",36832,"train"
"1413",36838,"train"
"1414",36839,"train"
"1415",36843,"train"
"1416",36847,"train"
"1417",36863,"train"
"1418",36868,"train"
"1419",36869,"train"
"1420",36875,"train"
"1421",36876,"train"
"1422",36885,"train"
"1423",36896,"train"
"1424",36899,"train"
"1425",36903,"train"
"1426",36908,"train"
"1427",36911,"train"
"1428",36915,"train"
"1429",36917,"train"
"1430",36918,"train"
"1431",36931,"train"
"1432",36941,"train"
"1433",36944,"train"
"1434",36959,"train"
"1435",36962,"train"
"1436",36963,"train"
"1437",36965,"train"
"1438",36969,"train"
"1439",36974,"train"
"1440",36975,"train"
"1441",36978,"train"
"1442",36980,"train"
"1443",36981,"train"
"1444",36984,"train"
"1445",36986,"train"
"1446",36987,"train"
"1447",36992,"train"
"1448",36995,"train"
"1449",36996,"train"
"1450",36998,"train"
"1451",37012,"train"
"1452",37014,"train"
"1453",37021,"train"
"1454",37023,"train"
"1455",37025,"train"
"1456",37027,"train"
"1457",37030,"train"
"1458",37034,"train"
"1459",37036,"train"
"1460",37047,"train"
"1461",37048,"train"
"1462",37050,"train"
"1463",37056,"train"
"1464",37066,"train"
"1465",37069,"train"
"1466",37071,"train"
"1467",37074,"train"
"1468",37075,"train"
"1469",37077,"train"
"1470",37084,"train"
"1471",37089,"train"
"1472",37091,"train"
"1473",37092,"train"
"1474",37106,"train"
"1475",37115,"train"
"1476",37117,"train"
"1477",37120,"train"
"1478",37124,"train"
"1479",37126,"train"
"1480",37127,"train"
"1481",37128,"train"
"1482",37130,"train"
"1483",37133,"train"
"1484",37136,"train"
"1485",37138,"train"
"1486",37140,"train"
"1487",37148,"train"
"1488",37152,"train"
"1489",37154,"train"
"1490",37155,"train"
"1491",37163,"train"
"1492",37174,"train"
"1493",37179,"train"
"1494",37188,"train"
"1495",37193,"train"
"1496",37212,"train"
"1497",37218,"train"
"1498",37225,"train"
"1499",37228,"train"
"1500",37234,"train"
"1501",37236,"train"
"1502",37239,"train"
"1503",37241,"train"
"1504",37243,"train"
"1505",37248,"train"
"1506",37250,"train"
"1507",37252,"train"
"1508",37260,"train"
"1509",37267,"train"
"1510",37276,"train"
"1511",37277,"train"
"1512",37281,"train"
"1513",37286,"train"
"1514",37289,"train"
"1515",37296,"train"
"1516",37301,"train"
"1517",37302,"train"
"1518",37304,"train"
"1519",37305,"train"
"1520",37307,"train"
"1521",37312,"train"
"1522",37313,"train"
"1523",37316,"train"
"1524",37319,"train"
"1525",37327,"train"
"1526",37328,"train"
"1527",37338,"train"
"1528",37350,"train"
"1529",37351,"train"
"1530",37353,"train"
"1531",37354,"train"
"1532",37362,"train"
"1533",37363,"train"
"1534",37367,"train"
"1535",37368,"train"
"1536",37369,"train"
"1537",37374,"train"
"1538",37384,"train"
"1539",37385,"train"
"1540",37387,"train"
"1541",37388,"train"
"1542",37395,"train"
"1543",37404,"train"
"1544",37410,"train"
"1545",37419,"train"
"1546",37429,"train"
"1547",37432,"train"
"1548",37436,"train"
"1549",37440,"train"
"1550",37442,"train"
"1551",37444,"train"
"1552",37453,"train"
"1553",37456,"train"
"1554",37469,"train"
"1555",37478,"train"
"1556",37484,"train"
"1557",37485,"train"
"1558",37487,"train"
"1559",37494,"train"
"1560",37497,"train"
"1561",37499,"train"
"1562",37503,"train"
"1563",37509,"train"
"1564",37510,"train"
"1565",37518,"train"
"1566",37520,"train"
"1567",37521,"train"
"1568",37522,"train"
"1569",37524,"train"
"1570",37525,"train"
"1571",37526,"train"
"1572",37527,"train"
"1573",37528,"train"
"1574",37540,"train"
"1575",37541,"train"
"1576",37542,"train"
"1577",37544,"train"
"1578",37545,"train"
"1579",37550,"train"
"1580",37557,"train"
"1581",37562,"train"
"1582",37565,"train"
"1583",37570,"train"
"1584",37574,"train"
"1585",37593,"train"
"1586",37598,"train"
"1587",37601,"train"
"1588",37604,"train"
"1589",37606,"train"
"1590",37612,"train"
"1591",37616,"train"
"1592",37617,"train"
"1593",37628,"train"
"1594",37629,"train"
"1595",37631,"train"
"1596",37632,"train"
"1597",37639,"train"
"1598",37645,"train"
"1599",37646,"train"
"1600",37647,"train"
"1601",37649,"train"
"1602",37650,"train"
"1603",37652,"train"
"1604",37657,"train"
"1605",37664,"train"
"1606",37665,"train"
"1607",37670,"train"
"1608",37676,"train"
"1609",37683,"train"
"1610",37686,"train"
"1611",37690,"train"
"1612",37697,"train"
"1613",37700,"train"
"1614",37707,"train"
"1615",37708,"train"
"1616",37712,"train"
"1617",37714,"train"
"1618",37716,"train"
"1619",37718,"train"
"1620",37724,"train"
"1621",37729,"train"
"1622",37735,"train"
"1623",37738,"train"
"1624",37739,"train"
"1625",37741,"train"
"1626",37743,"train"
"1627",37747,"train"
"1628",37749,"train"
"1629",37750,"train"
"1630",37751,"train"
"1631",37753,"train"
"1632",37754,"train"
"1633",37762,"train"
"1634",37765,"train"
"1635",37767,"train"
"1636",37768,"train"
"1637",37771,"train"
"1638",37775,"train"
"1639",37776,"train"
"1640",37780,"train"
"1641",37784,"train"
"1642",37787,"train"
"1643",37790,"train"
"1644",37792,"train"
"1645",37793,"train"
"1646",37801,"train"
"1647",37804,"train"
"1648",37805,"train"
"1649",37806,"train"
"1650",37814,"train"
"1651",37816,"train"
"1652",37817,"train"
"1653",37821,"train"
"1654",37822,"train"
"1655",37823,"train"
"1656",37825,"train"
"1657",37826,"train"
"1658",37839,"train"
"1659",37841,"train"
"1660",37846,"train"
"1661",37849,"train"
"1662",37856,"train"
"1663",37857,"train"
"1664",37860,"train"
"1665",37865,"train"
"1666",37870,"train"
"1667",37875,"train"
"1668",37885,"train"
"1669",37887,"train"
"1670",37891,"train"
"1671",37892,"train"
"1672",37893,"train"
"1673",37897,"train"
"1674",37898,"train"
"1675",37901,"train"
"1676",37915,"train"
"1677",37916,"train"
"1678",37918,"train"
"1679",37921,"train"
"1680",37930,"train"
"1681",37936,"train"
"1682",37944,"train"
"1683",37953,"train"
"1684",37957,"train"
"1685",37959,"train"
"1686",37961,"train"
"1687",37967,"train"
"1688",37968,"train"
"1689",37969,"train"
"1690",37971,"train"
"1691",37973,"train"
"1692",37980,"train"
"1693",37986,"train"
"1694",37991,"train"
"1695",37996,"train"
"1696",37998,"train"
"1697",38000,"train"
"1698",38007,"train"
"1699",38009,"train"
"1700",38011,"train"
"1701",38014,"train"
"1702",38017,"train"
"1703",38023,"train"
"1704",38028,"train"
"1705",38038,"train"
"1706",38045,"train"
"1707",38049,"train"
"1708",38050,"train"
"1709",38054,"train"
"1710",38055,"train"
"1711",38057,"train"
"1712",38062,"train"
"1713",38063,"train"
"1714",38064,"train"
"1715",38066,"train"
"1716",38073,"train"
"1717",38074,"train"
"1718",38077,"train"
"1719",38079,"train"
"1720",38088,"train"
"1721",38089,"train"
"1722",38091,"train"
"1723",38095,"train"
"1724",38098,"train"
"1725",38100,"train"
"1726",38105,"train"
"1727",38108,"train"
"1728",38110,"train"
"1729",38113,"train"
"1730",38115,"train"
"1731",38116,"train"
"1732",38118,"train"
"1733",38119,"train"
"1734",38120,"train"
"1735",38124,"train"
"1736",38129,"train"
"1737",38131,"train"
"1738",38134,"train"
"1739",38143,"train"
"1740",38148,"train"
"1741",38149,"train"
"1742",38150,"train"
"1743",38152,"train"
"1744",38153,"train"
"1745",38156,"train"
"1746",38158,"train"
"1747",38166,"train"
"1748",38179,"train"
"1749",38186,"train"
"1750",38188,"train"
"1751",38191,"train"
"1752",38193,"train"
"1753",38194,"train"
"1754",38205,"train"
"1755",38207,"train"
"1756",38216,"train"
"1757",38230,"train"
"1758",38231,"train"
"1759",38235,"train"
"1760",38243,"train"
"1761",38247,"train"
"1762",38248,"train"
"1763",38249,"train"
"1764",38251,"train"
"1765",38260,"train"
"1766",38261,"train"
"1767",38265,"train"
"1768",38267,"train"
"1769",38271,"train"
"1770",38275,"train"
"1771",38280,"train"
"1772",38290,"train"
"1773",38295,"train"
"1774",38302,"train"
"1775",38306,"train"
"1776",38309,"train"
"1777",38318,"train"
"1778",38321,"train"
"1779",38324,"train"
"1780",38335,"train"
"1781",38337,"train"
"1782",38339,"train"
"1783",38342,"train"
"1784",38347,"train"
"1785",38349,"train"
"1786",38351,"train"
"1787",38352,"train"
"1788",38358,"train"
"1789",38361,"train"
"1790",38364,"train"
"1791",38365,"train"
"1792",38368,"train"
"1793",38382,"train"
"1794",38388,"train"
"1795",38393,"train"
"1796",38396,"train"
"1797",38410,"train"
"1798",38418,"train"
"1799",38421,"train"
"1800",38422,"train"
"1801",38426,"train"
"1802",38432,"train"
"1803",38433,"train"
"1804",38447,"train"
"1805",38449,"train"
"1806",38450,"train"
"1807",38452,"train"
"1808",38461,"train"
"1809",38466,"train"
"1810",38467,"train"
"1811",38469,"train"
"1812",38477,"train"
"1813",38482,"train"
"1814",38491,"train"
"1815",38493,"train"
"1816",38494,"train"
"1817",38498,"train"
"1818",38500,"train"
"1819",38504,"train"
"1820",38509,"train"
"1821",38519,"train"
"1822",38525,"train"
"1823",38527,"train"
"1824",38532,"train"
"1825",38535,"train"
"1826",38539,"train"
"1827",38544,"train"
"1828",38554,"train"
"1829",38556,"train"
"1830",38558,"train"
"1831",38560,"train"
"1832",38561,"train"
"1833",38562,"train"
"1834",38565,"train"
"1835",38568,"train"
"1836",38572,"train"
"1837",38575,"train"
"1838",38580,"train"
"1839",38584,"train"
"1840",38588,"train"
"1841",38594,"train"
"1842",38597,"train"
"1843",38598,"train"
"1844",38601,"train"
"1845",38602,"train"
"1846",38607,"train"
"1847",38608,"train"
"1848",38612,"train"
"1849",38613,"train"
"1850",38614,"train"
"1851",38615,"train"
"1852",38616,"train"
"1853",38617,"train"
"1854",38619,"train"
"1855",38621,"train"
"1856",38631,"train"
"1857",38633,"train"
"1858",38635,"train"
"1859",38636,"train"
"1860",38637,"train"
"1861",38638,"train"
"1862",38639,"train"
"1863",38640,"train"
"1864",38642,"train"
"1865",38649,"train"
"1866",38651,"train"
"1867",38653,"train"
"1868",38655,"train"
"1869",38660,"train"
"1870",38664,"train"
"1871",38667,"train"
"1872",38668,"train"
"1873",38669,"train"
"1874",38673,"train"
"1875",38675,"train"
"1876",38676,"train"
"1877",38677,"train"
"1878",38678,"train"
"1879",38679,"train"
"1880",38681,"train"
"1881",38685,"train"
"1882",38686,"train"
"1883",38687,"train"
"1884",38689,"train"
"1885",38696,"train"
"1886",38701,"train"
"1887",38705,"train"
"1888",38718,"train"
"1889",38719,"train"
"1890",38721,"train"
"1891",38725,"train"
"1892",38732,"train"
"1893",38738,"train"
"1894",38741,"train"
"1895",38744,"train"
"1896",38752,"train"
"1897",38769,"train"
"1898",38771,"train"
"1899",38773,"train"
"1900",38782,"train"
"1901",38783,"train"
"1902",38784,"train"
"1903",38789,"train"
"1904",38792,"train"
"1905",38796,"train"
"1906",38800,"train"
"1907",38801,"train"
"1908",38810,"train"
"1909",38812,"train"
"1910",38815,"train"
"1911",38817,"train"
"1912",38819,"train"
"1913",38824,"train"
"1914",38825,"train"
"1915",38831,"train"
"1916",38832,"train"
"1917",38845,"train"
"1918",38846,"train"
"1919",38849,"train"
"1920",38850,"train"
"1921",38853,"train"
"1922",38854,"train"
"1923",38856,"train"
"1924",38860,"train"
"1925",38861,"train"
"1926",38867,"train"
"1927",38871,"train"
"1928",38875,"train"
"1929",38877,"train"
"1930",38885,"train"
"1931",38888,"train"
"1932",38892,"train"
"1933",38901,"train"
"1934",38904,"train"
"1935",38905,"train"
"1936",38907,"train"
"1937",38914,"train"
"1938",38918,"train"
"1939",38919,"train"
"1940",38921,"train"
"1941",38925,"train"
"1942",38929,"train"
"1943",38931,"train"
"1944",38933,"train"
"1945",38934,"train"
"1946",38936,"train"
"1947",38942,"train"
"1948",38947,"train"
"1949",38953,"train"
"1950",38958,"train"
"1951",38961,"train"
"1952",38967,"train"
"1953",38970,"train"
"1954",38974,"train"
"1955",38977,"train"
"1956",38978,"train"
"1957",38986,"train"
"1958",38987,"train"
"1959",38991,"train"
"1960",38992,"train"
"1961",38993,"train"
"1962",38999,"train"
"1963",39000,"train"
"1964",39004,"train"
"1965",39009,"train"
"1966",39010,"train"
"1967",39013,"train"
"1968",39018,"train"
"1969",39020,"train"
"1970",39021,"train"
"1971",39035,"train"
"1972",39040,"train"
"1973",39041,"train"
"1974",39046,"train"
"1975",39048,"train"
"1976",39054,"train"
"1977",39058,"train"
"1978",39063,"train"
"1979",39065,"train"
"1980",39077,"train"
"1981",39079,"train"
"1982",39086,"train"
"1983",39090,"train"
"1984",39092,"train"
"1985",39094,"train"
"1986",39103,"train"
"1987",39110,"train"
"1988",39112,"train"
"1989",39115,"train"
"1990",39124,"train"
"1991",39125,"train"
"1992",39132,"train"
"1993",39136,"train"
"1994",39141,"train"
"1995",39150,"train"
"1996",39152,"train"
"1997",39157,"train"
"1998",39161,"train"
"1999",39163,"train"
"2000",39164,"train"
"2001",39165,"train"
"2002",39170,"train"
"2003",39175,"train"
"2004",39177,"train"
"2005",39178,"train"
"2006",39181,"train"
"2007",39190,"train"
"2008",39193,"train"
"2009",39207,"train"
"2010",39213,"train"
"2011",39226,"train"
"2012",39229,"train"
"2013",39230,"train"
"2014",39232,"train"
"2015",39244,"train"
"2016",39246,"train"
"2017",39249,"train"
"2018",39250,"train"
"2019",39254,"train"
"2020",39259,"train"
"2021",39265,"train"
"2022",39278,"train"
"2023",39281,"train"
"2024",39285,"train"
"2025",39288,"train"
"2026",39289,"train"
"2027",39292,"train"
"2028",39293,"train"
"2029",39294,"train"
"2030",39295,"train"
"2031",39298,"train"
"2032",39300,"train"
"2033",39305,"train"
"2034",39307,"train"
"2035",39311,"train"
"2036",39314,"train"
"2037",39315,"train"
"2038",39317,"train"
"2039",39322,"train"
"2040",39323,"train"
"2041",39324,"train"
"2042",39328,"train"
"2043",39334,"train"
"2044",39337,"train"
"2045",39343,"train"
"2046",39345,"train"
"2047",39346,"train"
"2048",39354,"train"
"2049",39365,"train"
"2050",39367,"train"
"2051",39368,"train"
"2052",39371,"train"
"2053",39378,"train"
"2054",39379,"train"
"2055",39385,"train"
"2056",39389,"train"
"2057",39392,"train"
"2058",39399,"train"
"2059",39400,"train"
"2060",39402,"train"
"2061",39410,"train"
"2062",39411,"train"
"2063",39414,"train"
"2064",39415,"train"
"2065",39419,"train"
"2066",39420,"train"
"2067",39424,"train"
"2068",39433,"train"
"2069",39434,"train"
"2070",39438,"train"
"2071",39454,"train"
"2072",39455,"train"
"2073",39459,"train"
"2074",39460,"train"
"2075",39470,"train"
"2076",39471,"train"
"2077",39474,"train"
"2078",39476,"train"
"2079",39477,"train"
"2080",39478,"train"
"2081",39482,"train"
"2082",39489,"train"
"2083",39497,"train"
"2084",39502,"train"
"2085",39505,"train"
"2086",39507,"train"
"2087",39522,"train"
"2088",39529,"train"
"2089",39531,"train"
"2090",39532,"train"
"2091",39535,"train"
"2092",39541,"train"
"2093",39543,"train"
"2094",39546,"train"
"2095",39554,"train"
"2096",39556,"train"
"2097",39564,"train"
"2098",39570,"train"
"2099",39571,"train"
"2100",39576,"train"
"2101",39577,"train"
"2102",39580,"train"
"2103",39583,"train"
"2104",39591,"train"
"2105",39592,"train"
"2106",39602,"train"
"2107",39606,"train"
"2108",39608,"train"
"2109",39620,"train"
"2110",39621,"train"
"2111",39625,"train"
"2112",39630,"train"
"2113",39638,"train"
"2114",39641,"train"
"2115",39646,"train"
"2116",39650,"train"
"2117",39659,"train"
"2118",39662,"train"
"2119",39668,"train"
"2120",39670,"train"
"2121",39673,"train"
"2122",39674,"train"
"2123",39677,"train"
"2124",39696,"train"
"2125",39700,"train"
"2126",39710,"train"
"2127",39715,"train"
"2128",39720,"train"
"2129",39725,"train"
"2130",39727,"train"
"2131",39728,"train"
"2132",39735,"train"
"2133",39751,"train"
"2134",39752,"train"
"2135",39753,"train"
"2136",39754,"train"
"2137",39758,"train"
"2138",39770,"train"
"2139",39772,"train"
"2140",39773,"train"
"2141",39779,"train"
"2142",39780,"train"
"2143",39782,"train"
"2144",39783,"train"
"2145",39785,"train"
"2146",39786,"train"
"2147",39790,"train"
"2148",39796,"train"
"2149",39797,"train"
"2150",39799,"train"
"2151",39802,"train"
"2152",39806,"train"
"2153",39821,"train"
"2154",39822,"train"
"2155",39828,"train"
"2156",39830,"train"
"2157",39832,"train"
"2158",39833,"train"
"2159",39835,"train"
"2160",39838,"train"
"2161",39839,"train"
"2162",39840,"train"
"2163",39842,"train"
"2164",39845,"train"
"2165",39847,"train"
"2166",39849,"train"
"2167",39851,"train"
"2168",39854,"train"
"2169",39864,"train"
"2170",39876,"train"
"2171",39877,"train"
"2172",39878,"train"
"2173",39879,"train"
"2174",39880,"train"
"2175",39885,"train"
"2176",39892,"train"
"2177",39894,"train"
"2178",39908,"train"
"2179",39909,"train"
"2180",39913,"train"
"2181",39914,"train"
"2182",39920,"train"
"2183",39930,"train"
"2184",39932,"train"
"2185",39938,"train"
"2186",39939,"train"
"2187",39941,"train"
"2188",39946,"train"
"2189",39947,"train"
"2190",39956,"train"
"2191",39957,"train"
"2192",39958,"train"
"2193",39960,"train"
"2194",39962,"train"
"2195",39963,"train"
"2196",39965,"train"
"2197",39970,"train"
"2198",39972,"train"
"2199",39973,"train"
"2200",39976,"train"
"2201",39979,"train"
"2202",39987,"train"
"2203",39992,"train"
"2204",39993,"train"
"2205",39995,"train"
"2206",39996,"train"
"2207",39997,"train"
"2208",40000,"train"
"2209",40001,"train"
"2210",40004,"train"
"2211",40008,"train"
"2212",40010,"train"
"2213",40016,"train"
"2214",40025,"train"
"2215",40034,"train"
"2216",40036,"train"
"2217",40039,"train"
"2218",40044,"train"
"2219",40055,"train"
"2220",40061,"train"
"2221",40063,"train"
"2222",40065,"train"
"2223",40067,"train"
"2224",40068,"train"
"2225",40071,"train"
"2226",40075,"train"
"2227",40077,"train"
"2228",40081,"train"
"2229",40082,"train"
"2230",40084,"train"
"2231",40092,"train"
"2232",40097,"train"
"2233",40099,"train"
"2234",40100,"train"
"2235",40103,"train"
"2236",40104,"train"
"2237",40106,"train"
"2238",40107,"train"
"2239",40108,"train"
"2240",40112,"train"
"2241",40116,"train"
"2242",40123,"train"
"2243",40124,"train"
"2244",40133,"train"
"2245",40135,"train"
"2246",40136,"train"
"2247",40137,"train"
"2248",40138,"train"
"2249",40141,"train"
"2250",40144,"train"
"2251",40148,"train"
"2252",40152,"train"
"2253",40158,"train"
"2254",40159,"train"
"2255",40164,"train"
"2256",40165,"train"
"2257",40172,"train"
"2258",40174,"train"
"2259",40176,"train"
"2260",40177,"train"
"2261",40190,"train"
"2262",40196,"train"
"2263",40203,"train"
"2264",40210,"train"
"2265",40220,"train"
"2266",40221,"train"
"2267",40223,"train"
"2268",40225,"train"
"2269",40226,"train"
"2270",40231,"train"
"2271",40234,"train"
"2272",40235,"train"
"2273",40249,"train"
"2274",40254,"train"
"2275",40256,"train"
"2276",40258,"train"
"2277",40260,"train"
"2278",40262,"train"
"2279",40265,"train"
"2280",40271,"train"
"2281",40277,"train"
"2282",40278,"train"
"2283",40282,"train"
"2284",40286,"train"
"2285",40287,"train"
"2286",40291,"train"
"2287",40292,"train"
"2288",40293,"train"
"2289",40295,"train"
"2290",40296,"train"
"2291",40302,"train"
"2292",40304,"train"
"2293",40317,"train"
"2294",40318,"train"
"2295",40329,"train"
"2296",40335,"train"
"2297",40338,"train"
"2298",40339,"train"
"2299",40345,"train"
"2300",40346,"train"
"2301",40349,"train"
"2302",40350,"train"
"2303",40351,"train"
"2304",40355,"train"
"2305",40356,"train"
"2306",40358,"train"
"2307",40360,"train"
"2308",40362,"train"
"2309",40363,"train"
"2310",40364,"train"
"2311",40380,"train"
"2312",40382,"train"
"2313",40386,"train"
"2314",40389,"train"
"2315",40391,"train"
"2316",40398,"train"
"2317",40399,"train"
"2318",40400,"train"
"2319",40402,"train"
"2320",40404,"train"
"2321",40406,"train"
"2322",40408,"train"
"2323",40409,"train"
"2324",40420,"train"
"2325",40421,"train"
"2326",40422,"train"
"2327",40423,"train"
"2328",40425,"train"
"2329",40427,"train"
"2330",40433,"train"
"2331",40435,"train"
"2332",40439,"train"
"2333",40446,"train"
"2334",40447,"train"
"2335",40460,"train"
"2336",40461,"train"
"2337",40462,"train"
"2338",40465,"train"
"2339",40467,"train"
"2340",40471,"train"
"2341",40475,"train"
"2342",40481,"train"
"2343",40483,"train"
"2344",40490,"train"
"2345",40492,"train"
"2346",40502,"train"
"2347",40506,"train"
"2348",40507,"train"
"2349",40514,"train"
"2350",40524,"train"
"2351",40530,"train"
"2352",40532,"train"
"2353",40544,"train"
"2354",40545,"train"
"2355",40548,"train"
"2356",40551,"train"
"2357",40554,"train"
"2358",40557,"train"
"2359",40559,"train"
"2360",40561,"train"
"2361",40563,"train"
"2362",40564,"train"
"2363",40573,"train"
"2364",40581,"train"
"2365",40583,"train"
"2366",40588,"train"
"2367",40591,"train"
"2368",40596,"train"
"2369",40597,"train"
"2370",40599,"train"
"2371",40605,"train"
"2372",40607,"train"
"2373",40613,"train"
"2374",40633,"train"
"2375",40637,"train"
"2376",40640,"train"
"2377",40643,"train"
"2378",40655,"train"
"2379",40658,"train"
"2380",40659,"train"
"2381",40660,"train"
"2382",40664,"train"
"2383",40674,"train"
"2384",40681,"train"
"2385",40684,"train"
"2386",40686,"train"
"2387",40697,"train"
"2388",40700,"train"
"2389",40701,"train"
"2390",40702,"train"
"2391",40703,"train"
"2392",40705,"train"
"2393",40707,"train"
"2394",40711,"train"
"2395",40714,"train"
"2396",40717,"train"
"2397",40718,"train"
"2398",40720,"train"
"2399",40725,"train"
"2400",40729,"train"
"2401",40744,"train"
"2402",40746,"train"
"2403",40752,"train"
"2404",40755,"train"
"2405",40763,"train"
"2406",40767,"train"
"2407",40768,"train"
"2408",40773,"train"
"2409",40782,"train"
"2410",40784,"train"
"2411",40791,"train"
"2412",40797,"train"
"2413",40810,"train"
"2414",40827,"train"
"2415",40828,"train"
"2416",40829,"train"
"2417",40840,"train"
"2418",40842,"train"
"2419",40849,"train"
"2420",40850,"train"
"2421",40855,"train"
"2422",40860,"train"
"2423",40861,"train"
"2424",40875,"train"
"2425",40877,"train"
"2426",40882,"train"
"2427",40887,"train"
"2428",40888,"train"
"2429",40890,"train"
"2430",40891,"train"
"2431",40906,"train"
"2432",40909,"train"
"2433",40911,"train"
"2434",40912,"train"
"2435",40921,"train"
"2436",40925,"train"
"2437",40926,"train"
"2438",40929,"train"
"2439",40934,"train"
"2440",40938,"train"
"2441",40942,"train"
"2442",40949,"train"
"2443",40950,"train"
"2444",40951,"train"
"2445",40954,"train"
"2446",40965,"train"
"2447",40966,"train"
"2448",40969,"train"
"2449",40970,"train"
"2450",40971,"train"
"2451",40974,"train"
"2452",40977,"train"
"2453",40980,"train"
"2454",40983,"train"
"2455",40985,"train"
"2456",41009,"train"
"2457",41010,"train"
"2458",41011,"train"
"2459",41012,"train"
"2460",41015,"train"
"2461",41019,"train"
"2462",41021,"train"
"2463",41022,"train"
"2464",41024,"train"
"2465",41025,"train"
"2466",41028,"train"
"2467",41032,"train"
"2468",41040,"train"
"2469",41043,"train"
"2470",41048,"train"
"2471",41053,"train"
"2472",41057,"train"
"2473",41063,"train"
"2474",41072,"train"
"2475",41075,"train"
"2476",41076,"train"
"2477",41082,"train"
"2478",41089,"train"
"2479",41097,"train"
"2480",41100,"train"
"2481",41101,"train"
"2482",41103,"train"
"2483",41105,"train"
"2484",41106,"train"
"2485",41107,"train"
"2486",41116,"train"
"2487",41123,"train"
"2488",41124,"train"
"2489",41126,"train"
"2490",41127,"train"
"2491",41132,"train"
"2492",41135,"train"
"2493",41140,"train"
"2494",41142,"train"
"2495",41143,"train"
"2496",41149,"train"
"2497",41156,"train"
"2498",41158,"train"
"2499",41175,"train"
"2500",41181,"train"
"2501",41189,"train"
"2502",41190,"train"
"2503",41194,"train"
"2504",41195,"train"
"2505",41197,"train"
"2506",41198,"train"
"2507",41201,"train"
"2508",41204,"train"
"2509",41208,"train"
"2510",41212,"train"
"2511",41219,"train"
"2512",41223,"train"
"2513",41227,"train"
"2514",41230,"train"
"2515",41233,"train"
"2516",41234,"train"
"2517",41240,"train"
"2518",41243,"train"
"2519",41244,"train"
"2520",41246,"train"
"2521",41253,"train"
"2522",41255,"train"
"2523",41259,"train"
"2524",41265,"train"
"2525",41268,"train"
"2526",41269,"train"
"2527",41274,"train"
"2528",41277,"train"
"2529",41281,"train"
"2530",41287,"train"
"2531",41292,"train"
"2532",41312,"train"
"2533",41313,"train"
"2534",41314,"train"
"2535",41316,"train"
"2536",41319,"train"
"2537",41320,"train"
"2538",41321,"train"
"2539",41322,"train"
"2540",41326,"train"
"2541",41334,"train"
"2542",41339,"train"
"2543",41340,"train"
"2544",41342,"train"
"2545",41350,"train"
"2546",41351,"train"
"2547",41352,"train"
"2548",41355,"train"
"2549",41356,"train"
"2550",41357,"train"
"2551",41360,"train"
"2552",41362,"train"
"2553",41382,"train"
"2554",41387,"train"
"2555",41388,"train"
"2556",41394,"train"
"2557",41404,"train"
"2558",41409,"train"
"2559",41413,"train"
"2560",41415,"train"
"2561",41416,"train"
"2562",41418,"train"
"2563",41426,"train"
"2564",41430,"train"
"2565",41436,"train"
"2566",41438,"train"
"2567",41444,"train"
"2568",41449,"train"
"2569",41450,"train"
"2570",41451,"train"
"2571",41452,"train"
"2572",41454,"train"
"2573",41458,"train"
"2574",41459,"train"
"2575",41460,"train"
"2576",41461,"train"
"2577",41465,"train"
"2578",41468,"train"
"2579",31132,"valid"
"2580",31139,"valid"
"2581",31150,"valid"
"2582",31158,"valid"
"2583",31172,"valid"
"2584",31194,"valid"
"2585",31220,"valid"
"2586",31231,"valid"
"2587",31235,"valid"
"2588",31265,"valid"
"2589",31277,"valid"
"2590",31291,"valid"
"2591",31297,"valid"
"2592",31300,"valid"
"2593",31309,"valid"
"2594",31321,"valid"
"2595",31337,"valid"
"2596",31381,"valid"
"2597",31457,"valid"
"2598",31472,"valid"
"2599",31528,"valid"
"2600",31529,"valid"
"2601",31531,"valid"
"2602",31533,"valid"
"2603",31544,"valid"
"2604",31548,"valid"
"2605",31551,"valid"
"2606",31553,"valid"
"2607",31585,"valid"
"2608",31593,"valid"
"2609",31633,"valid"
"2610",31635,"valid"
"2611",31638,"valid"
"2612",31649,"valid"
"2613",31711,"valid"
"2614",31729,"valid"
"2615",31734,"valid"
"2616",31737,"valid"
"2617",31762,"valid"
"2618",31778,"valid"
"2619",31785,"valid"
"2620",31787,"valid"
"2621",31793,"valid"
"2622",31802,"valid"
"2623",31804,"valid"
"2624",31813,"valid"
"2625",31814,"valid"
"2626",31827,"valid"
"2627",31833,"valid"
"2628",31870,"valid"
"2629",31873,"valid"
"2630",31894,"valid"
"2631",31897,"valid"
"2632",31898,"valid"
"2633",31936,"valid"
"2634",31964,"valid"
"2635",31996,"valid"
"2636",32045,"valid"
"2637",32048,"valid"
"2638",32086,"valid"
"2639",32099,"valid"
"2640",32107,"valid"
"2641",32112,"valid"
"2642",32133,"valid"
"2643",32143,"valid"
"2644",32167,"valid"
"2645",32185,"valid"
"2646",32202,"valid"
"2647",32216,"valid"
"2648",32272,"valid"
"2649",32296,"valid"
"2650",32419,"valid"
"2651",32437,"valid"
"2652",32444,"valid"
"2653",32483,"valid"
"2654",32509,"valid"
"2655",32548,"valid"
"2656",32591,"valid"
"2657",32596,"valid"
"2658",32680,"valid"
"2659",32717,"valid"
"2660",32738,"valid"
"2661",32755,"valid"
"2662",32773,"valid"
"2663",32804,"valid"
"2664",32817,"valid"
"2665",32821,"valid"
"2666",32837,"valid"
"2667",32842,"valid"
"2668",32867,"valid"
"2669",32885,"valid"
"2670",32943,"valid"
"2671",32946,"valid"
"2672",32947,"valid"
"2673",32954,"valid"
"2674",33001,"valid"
"2675",33037,"valid"
"2676",33059,"valid"
"2677",33071,"valid"
"2678",33072,"valid"
"2679",33079,"valid"
"2680",33080,"valid"
"2681",33093,"valid"
"2682",33153,"valid"
"2683",33166,"valid"
"2684",33183,"valid"
"2685",33209,"valid"
"2686",33232,"valid"
"2687",33270,"valid"
"2688",33275,"valid"
"2689",33294,"valid"
"2690",33335,"valid"
"2691",33338,"valid"
"2692",33344,"valid"
"2693",33358,"valid"
"2694",33374,"valid"
"2695",33379,"valid"
"2696",33390,"valid"
"2697",33414,"valid"
"2698",33416,"valid"
"2699",33443,"valid"
"2700",33468,"valid"
"2701",33485,"valid"
"2702",33500,"valid"
"2703",33541,"valid"
"2704",33543,"valid"
"2705",33562,"valid"
"2706",33569,"valid"
"2707",33585,"valid"
"2708",33595,"valid"
"2709",33660,"valid"
"2710",33667,"valid"
"2711",33690,"valid"
"2712",33727,"valid"
"2713",33731,"valid"
"2714",33738,"valid"
"2715",33745,"valid"
"2716",33788,"valid"
"2717",33814,"valid"
"2718",33817,"valid"
"2719",33851,"valid"
"2720",33861,"valid"
"2721",33877,"valid"
"2722",33967,"valid"
"2723",34037,"valid"
"2724",34050,"valid"
"2725",34051,"valid"
"2726",34052,"valid"
"2727",34062,"valid"
"2728",34092,"valid"
"2729",34155,"valid"
"2730",34175,"valid"
"2731",34227,"valid"
"2732",34250,"valid"
"2733",34256,"valid"
"2734",34289,"valid"
"2735",34290,"valid"
"2736",34292,"valid"
"2737",34310,"valid"
"2738",34325,"valid"
"2739",34326,"valid"
"2740",34335,"valid"
"2741",34356,"valid"
"2742",34363,"valid"
"2743",34388,"valid"
"2744",34390,"valid"
"2745",34393,"valid"
"2746",34394,"valid"
"2747",34423,"valid"
"2748",34461,"valid"
"2749",34463,"valid"
"2750",34467,"valid"
"2751",34487,"valid"
"2752",34504,"valid"
"2753",34518,"valid"
"2754",34528,"valid"
"2755",34535,"valid"
"2756",34546,"valid"
"2757",34555,"valid"
"2758",34574,"valid"
"2759",34590,"valid"
"2760",34595,"valid"
"2761",34609,"valid"
"2762",34625,"valid"
"2763",34633,"valid"
"2764",34637,"valid"
"2765",34700,"valid"
"2766",34719,"valid"
"2767",34739,"valid"
"2768",34742,"valid"
"2769",34743,"valid"
"2770",34744,"valid"
"2771",34753,"valid"
"2772",34777,"valid"
"2773",34795,"valid"
"2774",34801,"valid"
"2775",34813,"valid"
"2776",34887,"valid"
"2777",34908,"valid"
"2778",34934,"valid"
"2779",34991,"valid"
"2780",35001,"valid"
"2781",35007,"valid"
"2782",35017,"valid"
"2783",35023,"valid"
"2784",35038,"valid"
"2785",35045,"valid"
"2786",35048,"valid"
"2787",35050,"valid"
"2788",35061,"valid"
"2789",35113,"valid"
"2790",35134,"valid"
"2791",35137,"valid"
"2792",35139,"valid"
"2793",35155,"valid"
"2794",35162,"valid"
"2795",35206,"valid"
"2796",35215,"valid"
"2797",35324,"valid"
"2798",35325,"valid"
"2799",35328,"valid"
"2800",35340,"valid"
"2801",35345,"valid"
"2802",35364,"valid"
"2803",35403,"valid"
"2804",35419,"valid"
"2805",35434,"valid"
"2806",35437,"valid"
"2807",35466,"valid"
"2808",35493,"valid"
"2809",35501,"valid"
"2810",35507,"valid"
"2811",35515,"valid"
"2812",35541,"valid"
"2813",35545,"valid"
"2814",35564,"valid"
"2815",35572,"valid"
"2816",35573,"valid"
"2817",35584,"valid"
"2818",35586,"valid"
"2819",35593,"valid"
"2820",35607,"valid"
"2821",35608,"valid"
"2822",35644,"valid"
"2823",35652,"valid"
"2824",35659,"valid"
"2825",35676,"valid"
"2826",35678,"valid"
"2827",35701,"valid"
"2828",35703,"valid"
"2829",35707,"valid"
"2830",35724,"valid"
"2831",35755,"valid"
"2832",35792,"valid"
"2833",35829,"valid"
"2834",35851,"valid"
"2835",35889,"valid"
"2836",35922,"valid"
"2837",35923,"valid"
"2838",35928,"valid"
"2839",35963,"valid"
"2840",35976,"valid"
"2841",36002,"valid"
"2842",36007,"valid"
"2843",36036,"valid"
"2844",36059,"valid"
"2845",36108,"valid"
"2846",36118,"valid"
"2847",36199,"valid"
"2848",36216,"valid"
"2849",36218,"valid"
"2850",36247,"valid"
"2851",36268,"valid"
"2852",36276,"valid"
"2853",36277,"valid"
"2854",36313,"valid"
"2855",36332,"valid"
"2856",36346,"valid"
"2857",36362,"valid"
"2858",36363,"valid"
"2859",36375,"valid"
"2860",36379,"valid"
"2861",36446,"valid"
"2862",36451,"valid"
"2863",36461,"valid"
"2864",36469,"valid"
"2865",36481,"valid"
"2866",36482,"valid"
"2867",36515,"valid"
"2868",36518,"valid"
"2869",36522,"valid"
"2870",36528,"valid"
"2871",36538,"valid"
"2872",36614,"valid"
"2873",36629,"valid"
"2874",36632,"valid"
"2875",36647,"valid"
"2876",36651,"valid"
"2877",36690,"valid"
"2878",36699,"valid"
"2879",36739,"valid"
"2880",36746,"valid"
"2881",36762,"valid"
"2882",36767,"valid"
"2883",36773,"valid"
"2884",36794,"valid"
"2885",36824,"valid"
"2886",36850,"valid"
"2887",36866,"valid"
"2888",36898,"valid"
"2889",36955,"valid"
"2890",36977,"valid"
"2891",37033,"valid"
"2892",37038,"valid"
"2893",37040,"valid"
"2894",37081,"valid"
"2895",37093,"valid"
"2896",37102,"valid"
"2897",37105,"valid"
"2898",37164,"valid"
"2899",37210,"valid"
"2900",37283,"valid"
"2901",37311,"valid"
"2902",37332,"valid"
"2903",37342,"valid"
"2904",37355,"valid"
"2905",37373,"valid"
"2906",37378,"valid"
"2907",37412,"valid"
"2908",37437,"valid"
"2909",37458,"valid"
"2910",37515,"valid"
"2911",37523,"valid"
"2912",37531,"valid"
"2913",37533,"valid"
"2914",37555,"valid"
"2915",37560,"valid"
"2916",37561,"valid"
"2917",37608,"valid"
"2918",37609,"valid"
"2919",37611,"valid"
"2920",37623,"valid"
"2921",37640,"valid"
"2922",37648,"valid"
"2923",37653,"valid"
"2924",37671,"valid"
"2925",37685,"valid"
"2926",37715,"valid"
"2927",37717,"valid"
"2928",37769,"valid"
"2929",37803,"valid"
"2930",37840,"valid"
"2931",37877,"valid"
"2932",37905,"valid"
"2933",37906,"valid"
"2934",37910,"valid"
"2935",37934,"valid"
"2936",37978,"valid"
"2937",38027,"valid"
"2938",38082,"valid"
"2939",38123,"valid"
"2940",38126,"valid"
"2941",38139,"valid"
"2942",38140,"valid"
"2943",38163,"valid"
"2944",38181,"valid"
"2945",38192,"valid"
"2946",38214,"valid"
"2947",38219,"valid"
"2948",38240,"valid"
"2949",38242,"valid"
"2950",38245,"valid"
"2951",38270,"valid"
"2952",38279,"valid"
"2953",38285,"valid"
"2954",38315,"valid"
"2955",38348,"valid"
"2956",38394,"valid"
"2957",38402,"valid"
"2958",38423,"valid"
"2959",38424,"valid"
"2960",38427,"valid"
"2961",38430,"valid"
"2962",38431,"valid"
"2963",38443,"valid"
"2964",38456,"valid"
"2965",38459,"valid"
"2966",38489,"valid"
"2967",38502,"valid"
"2968",38541,"valid"
"2969",38559,"valid"
"2970",38571,"valid"
"2971",38626,"valid"
"2972",38646,"valid"
"2973",38659,"valid"
"2974",38699,"valid"
"2975",38700,"valid"
"2976",38707,"valid"
"2977",38708,"valid"
"2978",38731,"valid"
"2979",38745,"valid"
"2980",38759,"valid"
"2981",38762,"valid"
"2982",38764,"valid"
"2983",38777,"valid"
"2984",38780,"valid"
"2985",38786,"valid"
"2986",38826,"valid"
"2987",38828,"valid"
"2988",38830,"valid"
"2989",38842,"valid"
"2990",38870,"valid"
"2991",38880,"valid"
"2992",38897,"valid"
"2993",38903,"valid"
"2994",38910,"valid"
"2995",38916,"valid"
"2996",38920,"valid"
"2997",38932,"valid"
"2998",38948,"valid"
"2999",38972,"valid"
"3000",38982,"valid"
"3001",39022,"valid"
"3002",39107,"valid"
"3003",39113,"valid"
"3004",39116,"valid"
"3005",39126,"valid"
"3006",39128,"valid"
"3007",39147,"valid"
"3008",39154,"valid"
"3009",39171,"valid"
"3010",39179,"valid"
"3011",39220,"valid"
"3012",39225,"valid"
"3013",39247,"valid"
"3014",39251,"valid"
"3015",39286,"valid"
"3016",39291,"valid"
"3017",39301,"valid"
"3018",39352,"valid"
"3019",39381,"valid"
"3020",39382,"valid"
"3021",39390,"valid"
"3022",39391,"valid"
"3023",39404,"valid"
"3024",39406,"valid"
"3025",39418,"valid"
"3026",39436,"valid"
"3027",39448,"valid"
"3028",39475,"valid"
"3029",39493,"valid"
"3030",39498,"valid"
"3031",39511,"valid"
"3032",39524,"valid"
"3033",39547,"valid"
"3034",39560,"valid"
"3035",39588,"valid"
"3036",39593,"valid"
"3037",39615,"valid"
"3038",39616,"valid"
"3039",39624,"valid"
"3040",39676,"valid"
"3041",39697,"valid"
"3042",39702,"valid"
"3043",39716,"valid"
"3044",39721,"valid"
"3045",39723,"valid"
"3046",39734,"valid"
"3047",39768,"valid"
"3048",39777,"valid"
"3049",39787,"valid"
"3050",39809,"valid"
"3051",39829,"valid"
"3052",39834,"valid"
"3053",39861,"valid"
"3054",39869,"valid"
"3055",39884,"valid"
"3056",39949,"valid"
"3057",39966,"valid"
"3058",39978,"valid"
"3059",39989,"valid"
"3060",40003,"valid"
"3061",40007,"valid"
"3062",40011,"valid"
"3063",40070,"valid"
"3064",40151,"valid"
"3065",40169,"valid"
"3066",40178,"valid"
"3067",40211,"valid"
"3068",40217,"valid"
"3069",40232,"valid"
"3070",40308,"valid"
"3071",40328,"valid"
"3072",40370,"valid"
"3073",40377,"valid"
"3074",40384,"valid"
"3075",40410,"valid"
"3076",40414,"valid"
"3077",40444,"valid"
"3078",40485,"valid"
"3079",40486,"valid"
"3080",40513,"valid"
"3081",40515,"valid"
"3082",40523,"valid"
"3083",40528,"valid"
"3084",40531,"valid"
"3085",40534,"valid"
"3086",40574,"valid"
"3087",40582,"valid"
"3088",40585,"valid"
"3089",40592,"valid"
"3090",40602,"valid"
"3091",40606,"valid"
"3092",40614,"valid"
"3093",40630,"valid"
"3094",40650,"valid"
"3095",40661,"valid"
"3096",40685,"valid"
"3097",40693,"valid"
"3098",40759,"valid"
"3099",40771,"valid"
"3100",40804,"valid"
"3101",40809,"valid"
"3102",40838,"valid"
"3103",40857,"valid"
"3104",40869,"valid"
"3105",40905,"valid"
"3106",40930,"valid"
"3107",40948,"valid"
"3108",40961,"valid"
"3109",41013,"valid"
"3110",41027,"valid"
"3111",41030,"valid"
"3112",41036,"valid"
"3113",41090,"valid"
"3114",41092,"valid"
"3115",41138,"valid"
"3116",41153,"valid"
"3117",41159,"valid"
"3118",41220,"valid"
"3119",41238,"valid"
"3120",41258,"valid"
"3121",41266,"valid"
"3122",41267,"valid"
"3123",41289,"valid"
"3124",41349,"valid"
"3125",41358,"valid"
"3126",41401,"valid"
"3127",41403,"valid"
"3128",41408,"valid"
"3129",41424,"valid"
"3130",41472,"valid"
"3131",31167,"test"
"3132",31227,"test"
"3133",31273,"test"
"3134",31274,"test"
"3135",31298,"test"
"3136",31304,"test"
"3137",31336,"test"
"3138",31339,"test"
"3139",31348,"test"
"3140",31350,"test"
"3141",31382,"test"
"3142",31391,"test"
"3143",31470,"test"
"3144",31483,"test"
"3145",31506,"test"
"3146",31512,"test"
"3147",31534,"test"
"3148",31535,"test"
"3149",31565,"test"
"3150",31567,"test"
"3151",31592,"test"
"3152",31666,"test"
"3153",31702,"test"
"3154",31748,"test"
"3155",31779,"test"
"3156",31786,"test"
"3157",31822,"test"
"3158",31824,"test"
"3159",31863,"test"
"3160",31899,"test"
"3161",31903,"test"
"3162",31913,"test"
"3163",31919,"test"
"3164",31924,"test"
"3165",31937,"test"
"3166",31947,"test"
"3167",31970,"test"
"3168",31972,"test"
"3169",31992,"test"
"3170",31993,"test"
"3171",32001,"test"
"3172",32011,"test"
"3173",32014,"test"
"3174",32015,"test"
"3175",32035,"test"
"3176",32089,"test"
"3177",32097,"test"
"3178",32130,"test"
"3179",32150,"test"
"3180",32179,"test"
"3181",32180,"test"
"3182",32204,"test"
"3183",32295,"test"
"3184",32298,"test"
"3185",32312,"test"
"3186",32338,"test"
"3187",32378,"test"
"3188",32383,"test"
"3189",32396,"test"
"3190",32401,"test"
"3191",32436,"test"
"3192",32485,"test"
"3193",32504,"test"
"3194",32513,"test"
"3195",32531,"test"
"3196",32570,"test"
"3197",32592,"test"
"3198",32597,"test"
"3199",32599,"test"
"3200",32601,"test"
"3201",32605,"test"
"3202",32615,"test"
"3203",32630,"test"
"3204",32636,"test"
"3205",32640,"test"
"3206",32651,"test"
"3207",32653,"test"
"3208",32677,"test"
"3209",32681,"test"
"3210",32689,"test"
"3211",32703,"test"
"3212",32726,"test"
"3213",32734,"test"
"3214",32739,"test"
"3215",32746,"test"
"3216",32756,"test"
"3217",32761,"test"
"3218",32771,"test"
"3219",32796,"test"
"3220",32855,"test"
"3221",32889,"test"
"3222",32892,"test"
"3223",32952,"test"
"3224",32958,"test"
"3225",32965,"test"
"3226",32980,"test"
"3227",33005,"test"
"3228",33028,"test"
"3229",33069,"test"
"3230",33088,"test"
"3231",33092,"test"
"3232",33109,"test"
"3233",33110,"test"
"3234",33140,"test"
"3235",33246,"test"
"3236",33280,"test"
"3237",33287,"test"
"3238",33291,"test"
"3239",33300,"test"
"3240",33316,"test"
"3241",33320,"test"
"3242",33360,"test"
"3243",33363,"test"
"3244",33384,"test"
"3245",33387,"test"
"3246",33420,"test"
"3247",33457,"test"
"3248",33489,"test"
"3249",33509,"test"
"3250",33546,"test"
"3251",33551,"test"
"3252",33591,"test"
"3253",33612,"test"
"3254",33614,"test"
"3255",33621,"test"
"3256",33630,"test"
"3257",33635,"test"
"3258",33645,"test"
"3259",33668,"test"
"3260",33681,"test"
"3261",33691,"test"
"3262",33696,"test"
"3263",33711,"test"
"3264",33737,"test"
"3265",33754,"test"
"3266",33768,"test"
"3267",33792,"test"
"3268",33798,"test"
"3269",33805,"test"
"3270",33806,"test"
"3271",33808,"test"
"3272",33918,"test"
"3273",33945,"test"
"3274",33949,"test"
"3275",33954,"test"
"3276",33955,"test"
"3277",33963,"test"
"3278",33974,"test"
"3279",34002,"test"
"3280",34046,"test"
"3281",34047,"test"
"3282",34060,"test"
"3283",34079,"test"
"3284",34107,"test"
"3285",34114,"test"
"3286",34120,"test"
"3287",34133,"test"
"3288",34161,"test"
"3289",34165,"test"
"3290",34169,"test"
"3291",34180,"test"
"3292",34202,"test"
"3293",34203,"test"
"3294",34205,"test"
"3295",34214,"test"
"3296",34234,"test"
"3297",34269,"test"
"3298",34274,"test"
"3299",34288,"test"
"3300",34338,"test"
"3301",34343,"test"
"3302",34358,"test"
"3303",34366,"test"
"3304",34371,"test"
"3305",34398,"test"
"3306",34406,"test"
"3307",34419,"test"
"3308",34430,"test"
"3309",34443,"test"
"3310",34444,"test"
"3311",34482,"test"
"3312",34561,"test"
"3313",34577,"test"
"3314",34605,"test"
"3315",34620,"test"
"3316",34627,"test"
"3317",34656,"test"
"3318",34669,"test"
"3319",34687,"test"
"3320",34690,"test"
"3321",34735,"test"
"3322",34761,"test"
"3323",34762,"test"
"3324",34778,"test"
"3325",34779,"test"
"3326",34821,"test"
"3327",34831,"test"
"3328",34849,"test"
"3329",34858,"test"
"3330",34873,"test"
"3331",34877,"test"
"3332",34886,"test"
"3333",34888,"test"
"3334",34897,"test"
"3335",34899,"test"
"3336",34928,"test"
"3337",34966,"test"
"3338",35024,"test"
"3339",35041,"test"
"3340",35071,"test"
"3341",35077,"test"
"3342",35122,"test"
"3343",35201,"test"
"3344",35211,"test"
"3345",35221,"test"
"3346",35225,"test"
"3347",35232,"test"
"3348",35257,"test"
"3349",35282,"test"
"3350",35284,"test"
"3351",35299,"test"
"3352",35336,"test"
"3353",35367,"test"
"3354",35369,"test"
"3355",35414,"test"
"3356",35445,"test"
"3357",35505,"test"
"3358",35506,"test"
"3359",35509,"test"
"3360",35552,"test"
"3361",35579,"test"
"3362",35594,"test"
"3363",35620,"test"
"3364",35624,"test"
"3365",35627,"test"
"3366",35642,"test"
"3367",35646,"test"
"3368",35651,"test"
"3369",35653,"test"
"3370",35667,"test"
"3371",35686,"test"
"3372",35691,"test"
"3373",35696,"test"
"3374",35708,"test"
"3375",35725,"test"
"3376",35745,"test"
"3377",35751,"test"
"3378",35775,"test"
"3379",35778,"test"
"3380",35795,"test"
"3381",35798,"test"
"3382",35808,"test"
"3383",35870,"test"
"3384",35883,"test"
"3385",35919,"test"
"3386",35925,"test"
"3387",35937,"test"
"3388",35938,"test"
"3389",36015,"test"
"3390",36048,"test"
"3391",36081,"test"
"3392",36095,"test"
"3393",36100,"test"
"3394",36116,"test"
"3395",36122,"test"
"3396",36159,"test"
"3397",36160,"test"
"3398",36193,"test"
"3399",36201,"test"
"3400",36223,"test"
"3401",36232,"test"
"3402",36238,"test"
"3403",36240,"test"
"3404",36284,"test"
"3405",36287,"test"
"3406",36290,"test"
"3407",36314,"test"
"3408",36323,"test"
"3409",36335,"test"
"3410",36390,"test"
"3411",36396,"test"
"3412",36400,"test"
"3413",36416,"test"
"3414",36436,"test"
"3415",36440,"test"
"3416",36504,"test"
"3417",36540,"test"
"3418",36556,"test"
"3419",36560,"test"
"3420",36571,"test"
"3421",36575,"test"
"3422",36577,"test"
"3423",36601,"test"
"3424",36627,"test"
"3425",36631,"test"
"3426",36642,"test"
"3427",36713,"test"
"3428",36754,"test"
"3429",36787,"test"
"3430",36795,"test"
"3431",36800,"test"
"3432",36801,"test"
"3433",36804,"test"
"3434",36840,"test"
"3435",36849,"test"
"3436",36851,"test"
"3437",36857,"test"
"3438",36864,"test"
"3439",36879,"test"
"3440",36881,"test"
"3441",36888,"test"
"3442",36894,"test"
"3443",36904,"test"
"3444",36909,"test"
"3445",36913,"test"
"3446",36916,"test"
"3447",36926,"test"
"3448",36947,"test"
"3449",36956,"test"
"3450",37001,"test"
"3451",37037,"test"
"3452",37046,"test"
"3453",37116,"test"
"3454",37147,"test"
"3455",37151,"test"
"3456",37166,"test"
"3457",37168,"test"
"3458",37173,"test"
"3459",37233,"test"
"3460",37270,"test"
"3461",37293,"test"
"3462",37326,"test"
"3463",37330,"test"
"3464",37352,"test"
"3465",37356,"test"
"3466",37361,"test"
"3467",37393,"test"
"3468",37402,"test"
"3469",37424,"test"
"3470",37426,"test"
"3471",37462,"test"
"3472",37471,"test"
"3473",37472,"test"
"3474",37480,"test"
"3475",37513,"test"
"3476",37532,"test"
"3477",37551,"test"
"3478",37558,"test"
"3479",37588,"test"
"3480",37599,"test"
"3481",37600,"test"
"3482",37655,"test"
"3483",37656,"test"
"3484",37668,"test"
"3485",37687,"test"
"3486",37695,"test"
"3487",37722,"test"
"3488",37725,"test"
"3489",37727,"test"
"3490",37777,"test"
"3491",37799,"test"
"3492",37810,"test"
"3493",37836,"test"
"3494",37922,"test"
"3495",37945,"test"
"3496",37947,"test"
"3497",37954,"test"
"3498",37993,"test"
"3499",38032,"test"
"3500",38056,"test"
"3501",38071,"test"
"3502",38075,"test"
"3503",38078,"test"
"3504",38081,"test"
"3505",38106,"test"
"3506",38112,"test"
"3507",38125,"test"
"3508",38145,"test"
"3509",38146,"test"
"3510",38147,"test"
"3511",38157,"test"
"3512",38159,"test"
"3513",38168,"test"
"3514",38178,"test"
"3515",38206,"test"
"3516",38220,"test"
"3517",38239,"test"
"3518",38262,"test"
"3519",38284,"test"
"3520",38317,"test"
"3521",38322,"test"
"3522",38329,"test"
"3523",38333,"test"
"3524",38398,"test"
"3525",38409,"test"
"3526",38412,"test"
"3527",38414,"test"
"3528",38444,"test"
"3529",38454,"test"
"3530",38472,"test"
"3531",38490,"test"
"3532",38549,"test"
"3533",38564,"test"
"3534",38577,"test"
"3535",38591,"test"
"3536",38647,"test"
"3537",38726,"test"
"3538",38763,"test"
"3539",38791,"test"
"3540",38837,"test"
"3541",38852,"test"
"3542",38864,"test"
"3543",38882,"test"
"3544",38883,"test"
"3545",38908,"test"
"3546",38941,"test"
"3547",38944,"test"
"3548",38996,"test"
"3549",39003,"test"
"3550",39011,"test"
"3551",39027,"test"
"3552",39037,"test"
"3553",39044,"test"
"3554",39045,"test"
"3555",39051,"test"
"3556",39064,"test"
"3557",39072,"test"
"3558",39078,"test"
"3559",39082,"test"
"3560",39084,"test"
"3561",39093,"test"
"3562",39097,"test"
"3563",39148,"test"
"3564",39180,"test"
"3565",39184,"test"
"3566",39186,"test"
"3567",39189,"test"
"3568",39199,"test"
"3569",39204,"test"
"3570",39241,"test"
"3571",39320,"test"
"3572",39327,"test"
"3573",39356,"test"
"3574",39405,"test"
"3575",39426,"test"
"3576",39432,"test"
"3577",39444,"test"
"3578",39464,"test"
"3579",39487,"test"
"3580",39494,"test"
"3581",39533,"test"
"3582",39549,"test"
"3583",39553,"test"
"3584",39568,"test"
"3585",39599,"test"
"3586",39619,"test"
"3587",39639,"test"
"3588",39690,"test"
"3589",39695,"test"
"3590",39707,"test"
"3591",39717,"test"
"3592",39719,"test"
"3593",39729,"test"
"3594",39736,"test"
"3595",39761,"test"
"3596",39774,"test"
"3597",39804,"test"
"3598",39813,"test"
"3599",39817,"test"
"3600",39853,"test"
"3601",39866,"test"
"3602",39873,"test"
"3603",39896,"test"
"3604",39919,"test"
"3605",39974,"test"
"3606",39982,"test"
"3607",39986,"test"
"3608",40002,"test"
"3609",40005,"test"
"3610",40017,"test"
"3611",40024,"test"
"3612",40028,"test"
"3613",40085,"test"
"3614",40118,"test"
"3615",40129,"test"
"3616",40131,"test"
"3617",40153,"test"
"3618",40155,"test"
"3619",40157,"test"
"3620",40161,"test"
"3621",40167,"test"
"3622",40171,"test"
"3623",40185,"test"
"3624",40219,"test"
"3625",40237,"test"
"3626",40275,"test"
"3627",40280,"test"
"3628",40299,"test"
"3629",40341,"test"
"3630",40347,"test"
"3631",40369,"test"
"3632",40381,"test"
"3633",40383,"test"
"3634",40387,"test"
"3635",40431,"test"
"3636",40452,"test"
"3637",40517,"test"
"3638",40518,"test"
"3639",40540,"test"
"3640",40570,"test"
"3641",40575,"test"
"3642",40579,"test"
"3643",40587,"test"
"3644",40608,"test"
"3645",40639,"test"
"3646",40644,"test"
"3647",40653,"test"
"3648",40721,"test"
"3649",40739,"test"
"3650",40772,"test"
"3651",40800,"test"
"3652",40812,"test"
"3653",40821,"test"
"3654",40824,"test"
"3655",40863,"test"
"3656",40899,"test"
"3657",40900,"test"
"3658",40908,"test"
"3659",40936,"test"
"3660",40963,"test"
"3661",40988,"test"
"3662",41005,"test"
"3663",41014,"test"
"3664",41020,"test"
"3665",41049,"test"
"3666",41157,"test"
"3667",41167,"test"
"3668",41185,"test"
"3669",41217,"test"
"3670",41232,"test"
"3671",41236,"test"
"3672",41260,"test"
"3673",41279,"test"
"3674",41286,"test"
"3675",41306,"test"
"3676",41329,"test"
"3677",41368,"test"
"3678",41386,"test"
"3679",41398,"test"
"3680",41414,"test"
"3681",41427,"test"
"3682",41434,"test"
